<?xml version='1.0' encoding='UTF-8'?>
<?artifactRepository version='1.1.0'?>
<repository name='Bundle pool' type='org.eclipse.equinox.p2.artifact.repository.simpleRepository' version='1'>
  <properties size='2'>
    <property name='p2.system' value='true'/>
    <property name='p2.timestamp' value='1379181338117'/>
  </properties>
  <mappings size='3'>
    <rule filter='(&amp; (classifier=osgi.bundle))' output='${repoUrl}/plugins/${id}_${version}.jar'/>
    <rule filter='(&amp; (classifier=binary))' output='${repoUrl}/binary/${id}_${version}'/>
    <rule filter='(&amp; (classifier=org.eclipse.update.feature))' output='${repoUrl}/features/${id}_${version}.jar'/>
  </mappings>
  <artifacts size='67'>
    <artifact classifier='osgi.bundle' id='org.eclipse.core.variables' version='3.2.800.v20130819-1716'>
      <properties size='1'>
        <property name='download.size' value='34860'/>
      </properties>
    </artifact>
    <artifact classifier='osgi.bundle' id='org.eclipse.core.databinding.property' version='1.5.0.v20130714-1416'>
      <properties size='1'>
        <property name='download.size' value='195664'/>
      </properties>
    </artifact>
    <artifact classifier='osgi.bundle' id='org.eclipse.emf.common' version='2.9.0.v20130812-1014'>
      <properties size='1'>
        <property name='download.size' value='351720'/>
      </properties>
    </artifact>
    <artifact classifier='osgi.bundle' id='org.w3c.dom.events' version='3.0.0.draft20060413_v201105210656'>
      <properties size='1'>
        <property name='download.size' value='18814'/>
      </properties>
    </artifact>
    <artifact classifier='osgi.bundle' id='org.eclipse.e4.ui.widgets' version='1.0.0.v20130515-1857'>
      <properties size='1'>
        <property name='download.size' value='14205'/>
      </properties>
    </artifact>
    <artifact classifier='osgi.bundle' id='com.ibm.icu' version='50.1.1.v201304230130'>
      <properties size='1'>
        <property name='download.size' value='9451362'/>
      </properties>
    </artifact>
    <artifact classifier='osgi.bundle' id='org.eclipse.osgi' version='3.10.0.v20130912-1517'>
      <properties size='1'>
        <property name='download.size' value='1229086'/>
      </properties>
    </artifact>
    <artifact classifier='osgi.bundle' id='org.eclipse.jface.databinding' version='1.7.0.v20130714-1416'>
      <properties size='1'>
        <property name='download.size' value='363449'/>
      </properties>
    </artifact>
    <artifact classifier='osgi.bundle' id='org.eclipse.core.contenttype' version='3.4.200.v20130326-1255'>
      <properties size='1'>
        <property name='download.size' value='93013'/>
      </properties>
    </artifact>
    <artifact classifier='osgi.bundle' id='org.eclipse.e4.ui.css.swt.theme' version='0.9.200.v20130820-0924'>
      <properties size='1'>
        <property name='download.size' value='25528'/>
      </properties>
    </artifact>
    <artifact classifier='osgi.bundle' id='org.eclipse.equinox.weaving.hook' version='1.1.0.v20130830-2024'>
      <properties size='1'>
        <property name='download.size' value='48814'/>
      </properties>
    </artifact>
    <artifact classifier='osgi.bundle' id='org.eclipse.equinox.event' version='1.3.0.v20130327-1442'>
      <properties size='1'>
        <property name='download.size' value='32690'/>
      </properties>
    </artifact>
    <artifact classifier='osgi.bundle' id='org.eclipse.core.databinding.observable' version='1.5.0.v20130724-1650'>
      <properties size='1'>
        <property name='download.size' value='356028'/>
      </properties>
    </artifact>
    <artifact classifier='osgi.bundle' id='org.eclipse.e4.ui.workbench' version='1.0.100.v20130913-1514'>
      <properties size='1'>
        <property name='download.size' value='249209'/>
      </properties>
    </artifact>
    <artifact classifier='osgi.bundle' id='org.eclipse.core.runtime' version='3.9.100.v20130911-2019'>
      <properties size='1'>
        <property name='download.size' value='73718'/>
      </properties>
    </artifact>
    <artifact classifier='osgi.bundle' id='org.eclipse.equinox.launcher' version='1.3.0.v20130327-1440'>
      <properties size='1'>
        <property name='download.size' value='49968'/>
      </properties>
    </artifact>
    <artifact classifier='osgi.bundle' id='org.eclipse.e4.ui.services' version='1.0.0.v20130620-1529'>
      <properties size='1'>
        <property name='download.size' value='25175'/>
      </properties>
    </artifact>
    <artifact classifier='osgi.bundle' id='org.eclipse.jface' version='3.10.0.v20130904-1154'>
      <properties size='1'>
        <property name='download.size' value='1111615'/>
      </properties>
    </artifact>
    <artifact classifier='osgi.bundle' id='javax.servlet' version='3.0.0.v201112011016'>
      <properties size='1'>
        <property name='download.size' value='201594'/>
      </properties>
    </artifact>
    <artifact classifier='osgi.bundle' id='org.eclipse.ant.core' version='3.3.0.v20130905-1115'>
      <properties size='1'>
        <property name='download.size' value='106503'/>
      </properties>
    </artifact>
    <artifact classifier='osgi.bundle' id='org.eclipse.e4.ui.di' version='1.0.0.v20130515-1857'>
      <properties size='1'>
        <property name='download.size' value='15730'/>
      </properties>
    </artifact>
    <artifact classifier='osgi.bundle' id='javax.xml' version='1.3.4.v201005080400'>
      <properties size='1'>
        <property name='download.size' value='237996'/>
      </properties>
    </artifact>
    <artifact classifier='osgi.bundle' id='org.eclipse.e4.ui.css.swt' version='0.11.100.v20130910-1539'>
      <properties size='1'>
        <property name='download.size' value='155212'/>
      </properties>
    </artifact>
    <artifact classifier='osgi.bundle' id='javax.annotation' version='1.1.0.v201209060031'>
      <properties size='1'>
        <property name='download.size' value='27664'/>
      </properties>
    </artifact>
    <artifact classifier='osgi.bundle' id='org.eclipse.e4.ui.bindings' version='0.10.200.v20130803-0125'>
      <properties size='1'>
        <property name='download.size' value='48672'/>
      </properties>
    </artifact>
    <artifact classifier='osgi.bundle' id='org.eclipse.equinox.util' version='1.0.500.v20130404-1337'>
      <properties size='1'>
        <property name='download.size' value='77932'/>
      </properties>
    </artifact>
    <artifact classifier='osgi.bundle' id='org.eclipse.equinox.ds' version='1.4.200.v20130814-1519'>
      <properties size='1'>
        <property name='download.size' value='194774'/>
      </properties>
    </artifact>
    <artifact classifier='osgi.bundle' id='org.eclipse.core.jobs' version='3.5.400.v20130717-1327'>
      <properties size='1'>
        <property name='download.size' value='92364'/>
      </properties>
    </artifact>
    <artifact classifier='osgi.bundle' id='org.eclipse.equinox.transforms.hook' version='1.1.0.v20130906-1927'>
      <properties size='1'>
        <property name='download.size' value='28219'/>
      </properties>
    </artifact>
    <artifact classifier='osgi.bundle' id='org.eclipse.e4.core.contexts' version='1.3.100.v20130905-1019'>
      <properties size='1'>
        <property name='download.size' value='47376'/>
      </properties>
    </artifact>
    <artifact classifier='osgi.bundle' id='org.eclipse.core.expressions' version='3.4.600.v20130910-0844'>
      <properties size='1'>
        <property name='download.size' value='88287'/>
      </properties>
    </artifact>
    <artifact classifier='osgi.bundle' id='org.w3c.dom.smil' version='1.0.1.v200903091627'>
      <properties size='1'>
        <property name='download.size' value='24854'/>
      </properties>
    </artifact>
    <artifact classifier='osgi.bundle' id='org.eclipse.osgi.services' version='3.4.0.v20130722-1222'>
      <properties size='1'>
        <property name='download.size' value='90167'/>
      </properties>
    </artifact>
    <artifact classifier='osgi.bundle' id='javax.inject' version='1.0.0.v20091030'>
      <properties size='1'>
        <property name='download.size' value='12288'/>
      </properties>
    </artifact>
    <artifact classifier='osgi.bundle' id='org.eclipse.e4.ui.css.core' version='0.10.100.v20130913-1743'>
      <properties size='1'>
        <property name='download.size' value='199891'/>
      </properties>
    </artifact>
    <artifact classifier='osgi.bundle' id='org.eclipse.equinox.preferences' version='3.5.100.v20130422-1538'>
      <properties size='1'>
        <property name='download.size' value='127170'/>
      </properties>
    </artifact>
    <artifact classifier='osgi.bundle' id='org.apache.batik.util.gui' version='1.6.0.v201011041432'>
      <properties size='1'>
        <property name='download.size' value='164253'/>
      </properties>
    </artifact>
    <artifact classifier='osgi.bundle' id='org.eclipse.e4.core.services' version='1.1.0.v20130515-1343'>
      <properties size='1'>
        <property name='download.size' value='23152'/>
      </properties>
    </artifact>
    <artifact classifier='osgi.bundle' id='org.eclipse.emf.ecore' version='2.10.0.v20130812-1014'>
      <properties size='1'>
        <property name='download.size' value='1183081'/>
      </properties>
    </artifact>
    <artifact classifier='osgi.bundle' id='org.eclipse.emf.ecore.change' version='2.9.0.v20130812-1014'>
      <properties size='1'>
        <property name='download.size' value='85880'/>
      </properties>
    </artifact>
    <artifact classifier='osgi.bundle' id='org.eclipse.equinox.common' version='3.6.200.v20130402-1505'>
      <properties size='1'>
        <property name='download.size' value='106701'/>
      </properties>
    </artifact>
    <artifact classifier='osgi.bundle' id='org.eclipse.osgi.compatibility.state' version='1.0.0.v20130906-1833'>
      <properties size='1'>
        <property name='download.size' value='247998'/>
      </properties>
    </artifact>
    <artifact classifier='osgi.bundle' id='org.eclipse.core.commands' version='3.6.100.v20130515-1857'>
      <properties size='1'>
        <property name='download.size' value='108765'/>
      </properties>
    </artifact>
    <artifact classifier='osgi.bundle' id='org.eclipse.swt' version='3.103.0.v20130912-1834'>
      <properties size='1'>
        <property name='download.size' value='18485'/>
      </properties>
    </artifact>
    <artifact classifier='osgi.bundle' id='org.eclipse.e4.core.di.extensions' version='0.11.100.v20130514-1256'>
      <properties size='1'>
        <property name='download.size' value='23348'/>
      </properties>
    </artifact>
    <artifact classifier='osgi.bundle' id='org.eclipse.e4.ui.workbench.swt' version='0.12.100.v20130911-1427'>
      <properties size='1'>
        <property name='download.size' value='172629'/>
      </properties>
    </artifact>
    <artifact classifier='osgi.bundle' id='org.eclipse.core.resources' version='3.9.0.v20130911-1841'>
      <properties size='1'>
        <property name='download.size' value='831973'/>
      </properties>
    </artifact>
    <artifact classifier='osgi.bundle' id='org.eclipse.equinox.launcher.gtk.linux.x86' version='1.1.200.v20130729-1429'>
      <properties size='1'>
        <property name='download.size' value='76473'/>
      </properties>
      <repositoryProperties size='1'>
        <property name='artifact.folder' value='true'/>
      </repositoryProperties>
    </artifact>
    <artifact classifier='osgi.bundle' id='org.apache.batik.css' version='1.6.0.v201011041432'>
      <properties size='1'>
        <property name='download.size' value='265409'/>
      </properties>
    </artifact>
    <artifact classifier='osgi.bundle' id='org.eclipse.emf.ecore.xmi' version='2.10.0.v20130812-1014'>
      <properties size='1'>
        <property name='download.size' value='227782'/>
      </properties>
    </artifact>
    <artifact classifier='osgi.bundle' id='X32_Scribbler' version='0.0.1.201309141755'>
      <properties size='1'>
        <property name='download.size' value='65302'/>
      </properties>
    </artifact>
    <artifact classifier='osgi.bundle' id='org.eclipse.e4.ui.workbench3' version='0.12.0.v20130515-1857'>
      <properties size='1'>
        <property name='download.size' value='10248'/>
      </properties>
    </artifact>
    <artifact classifier='osgi.bundle' id='org.eclipse.equinox.app' version='1.3.200.v20130910-1609'>
      <properties size='1'>
        <property name='download.size' value='86245'/>
      </properties>
    </artifact>
    <artifact classifier='osgi.bundle' id='org.eclipse.e4.ui.workbench.renderers.swt' version='0.12.0.v20130913-1437'>
      <properties size='1'>
        <property name='download.size' value='338267'/>
      </properties>
    </artifact>
    <artifact classifier='osgi.bundle' id='org.eclipse.equinox.bidi' version='0.10.0.v20130327-1442'>
      <properties size='1'>
        <property name='download.size' value='48549'/>
      </properties>
    </artifact>
    <artifact classifier='osgi.bundle' id='org.eclipse.equinox.registry' version='3.5.400.v20130717-1325'>
      <properties size='1'>
        <property name='download.size' value='184142'/>
      </properties>
    </artifact>
    <artifact classifier='osgi.bundle' id='org.eclipse.core.databinding' version='1.5.0.v20130628-1928'>
      <properties size='1'>
        <property name='download.size' value='198578'/>
      </properties>
    </artifact>
    <artifact classifier='osgi.bundle' id='org.eclipse.e4.ui.workbench.addons.swt' version='1.0.100.v20130913-1514'>
      <properties size='1'>
        <property name='download.size' value='135188'/>
      </properties>
    </artifact>
    <artifact classifier='osgi.bundle' id='osc-x32' version='1.0.0.201309141755'>
      <properties size='1'>
        <property name='download.size' value='22675'/>
      </properties>
    </artifact>
    <artifact classifier='osgi.bundle' id='org.apache.batik.util' version='1.6.0.v201011041432'>
      <properties size='1'>
        <property name='download.size' value='101159'/>
      </properties>
    </artifact>
    <artifact classifier='osgi.bundle' id='org.eclipse.core.runtime.compatibility.registry' version='3.5.300.v20130712-1318'>
      <properties size='1'>
        <property name='download.size' value='13566'/>
      </properties>
      <repositoryProperties size='1'>
        <property name='artifact.folder' value='true'/>
      </repositoryProperties>
    </artifact>
    <artifact classifier='osgi.bundle' id='org.w3c.dom.svg' version='1.1.0.v201011041433'>
      <properties size='1'>
        <property name='download.size' value='87897'/>
      </properties>
    </artifact>
    <artifact classifier='osgi.bundle' id='org.eclipse.e4.ui.model.workbench' version='1.1.0.v20130729-1955'>
      <properties size='1'>
        <property name='download.size' value='384474'/>
      </properties>
    </artifact>
    <artifact classifier='osgi.bundle' id='org.eclipse.e4.core.commands' version='0.10.2.v20130813-1735'>
      <properties size='1'>
        <property name='download.size' value='23869'/>
      </properties>
    </artifact>
    <artifact classifier='osgi.bundle' id='org.eclipse.e4.core.di' version='1.3.0.v20130514-1256'>
      <properties size='1'>
        <property name='download.size' value='52219'/>
      </properties>
    </artifact>
    <artifact classifier='osgi.bundle' id='org.w3c.css.sac' version='1.3.1.v200903091627'>
      <properties size='1'>
        <property name='download.size' value='32952'/>
      </properties>
    </artifact>
    <artifact classifier='osgi.bundle' id='org.eclipse.core.filesystem' version='1.4.0.v20130723-1508'>
      <properties size='1'>
        <property name='download.size' value='58062'/>
      </properties>
    </artifact>
  </artifacts>
</repository>
